[
    {
        "type": "max_secrecy_rate",
        "secrecy_rate": 1.3920272262983244,
        "energy_efficiency": 0.13920272262983244,
        "variables": [
            0.9813660144195783,
            0.8678905501053287,
            -0.9973634754554189,
            -0.952205820720091
        ]
    },
    {
        "type": "max_energy_efficiency",
        "secrecy_rate": 0.8002027017328314,
        "energy_efficiency": 0.15988824050933098,
        "variables": [
            -0.3545378616384321,
            -0.41834009396349725,
            0.5152288635599367,
            -0.4301445835561515
        ]
    }
]