[
    {
        "variables": [
            0.05655769581105696,
            -0.8419021902231668,
            0.546026473286837,
            -0.5041886770755999
        ],
        "objectives": {
            "secrecy_rate": 1.0183865775294383,
            "energy_efficiency": 0.14430059765073153
        }
    },
    {
        "variables": [
            -0.7504536056100077,
            -0.4175876731306657,
            0.5125672720829226,
            -0.387939048377556
        ],
        "objectives": {
            "secrecy_rate": 0.9785113249533661,
            "energy_efficiency": 0.14818905969193394
        }
    },
    {
        "variables": [
            -0.28639414483075765,
            -0.6321905889377413,
            0.5803151575456994,
            -0.3908664164615251
        ],
        "objectives": {
            "secrecy_rate": 0.9030928629393371,
            "energy_efficiency": 0.1534589440533751
        }
    },
    {
        "variables": [
            -0.610743910526884,
            -0.5965121018715963,
            0.5803186622767408,
            -0.3908664164615251
        ],
        "objectives": {
            "secrecy_rate": 0.9929883273391913,
            "energy_efficiency": 0.14446567140769184
        }
    },
    {
        "variables": [
            -0.25097204272057405,
            -0.6048588221258359,
            0.6132719210324094,
            -0.44055350852265046
        ],
        "objectives": {
            "secrecy_rate": 0.9038552728266667,
            "energy_efficiency": 0.15073992306655493
        }
    },
    {
        "variables": [
            -0.24350811249433,
            -0.7962330855100974,
            0.5462979525369522,
            -0.3194435882378294
        ],
        "objectives": {
            "secrecy_rate": 0.9512932553373135,
            "energy_efficiency": 0.14922069376120317
        }
    },
    {
        "variables": [
            -0.24350811249433,
            -0.7962330855100974,
            0.5462979525369522,
            -0.5487015608004441
        ],
        "objectives": {
            "secrecy_rate": 1.027124506378988,
            "energy_efficiency": 0.14322924298888995
        }
    },
    {
        "variables": [
            0.2934391102370461,
            -0.8025917661010467,
            0.5459369620265048,
            -0.3196479631553838
        ],
        "objectives": {
            "secrecy_rate": 0.9727466185238459,
            "energy_efficiency": 0.14915015834161033
        }
    },
    {
        "variables": [
            -0.3651876737444183,
            -0.6121175714766598,
            0.6234172128330511,
            -0.5406628035444054
        ],
        "objectives": {
            "secrecy_rate": 0.9883819001782722,
            "energy_efficiency": 0.14629558585619737
        }
    },
    {
        "variables": [
            -0.3545378616384321,
            -0.41834009396349725,
            0.5152288635599367,
            -0.4301445835561515
        ],
        "objectives": {
            "secrecy_rate": 0.8002027017328314,
            "energy_efficiency": 0.15988824050933098
        }
    },
    {
        "variables": [
            0.9813660144195783,
            0.8678905501053287,
            -0.9973634754554189,
            -0.952205820720091
        ],
        "objectives": {
            "secrecy_rate": 1.3920272262983244,
            "energy_efficiency": 0.13920272262983244
        }
    },
    {
        "variables": [
            -0.35891931359256224,
            -0.43289758044106197,
            0.6361091768184293,
            -0.35109975447924796
        ],
        "objectives": {
            "secrecy_rate": 0.8594767450771311,
            "energy_efficiency": 0.15985752596194971
        }
    },
    {
        "variables": [
            0.13854250214606534,
            -0.841381858002058,
            0.546026473286837,
            -0.5984215704405383
        ],
        "objectives": {
            "secrecy_rate": 1.0590404412974654,
            "energy_efficiency": 0.14057779730142178
        }
    },
    {
        "variables": [
            -0.25278497210614037,
            -0.5961570766848937,
            0.5799333453416887,
            -0.5464246489818646
        ],
        "objectives": {
            "secrecy_rate": 0.9310139209209907,
            "energy_efficiency": 0.14975715420732927
        }
    }
]